SalesOrderID,OrderDate,ProductID,ProductName,Quantity,CustomerID
"SO-9001","2025-05-26","P201","Mystic White Chocolate","109","CUST-1333"
"SO-9002","2025-01-26","P101","Magical Dark Chocolate","115","CUST-1191"
"SO-9003","2025-02-08","P102","Enchanted Milk Chocolate","58","CUST-1413"
"SO-9004","2024-09-10","P101","Magical Dark Chocolate","58","CUST-1016"
"SO-9005","2023-04-13","P102","Enchanted Milk Chocolate","15","CUST-1341"
"SO-9006","2022-08-13","P201","Mystic White Chocolate","58","CUST-1009"
"SO-9007","2025-05-12","P102","Enchanted Milk Chocolate","66","CUST-1346"
"SO-9008","2024-03-16","P102","Enchanted Milk Chocolate","178","CUST-1308"
"SO-9009","2025-05-14","P201","Mystic White Chocolate","168","CUST-1261"
"SO-9010","2025-04-07","P103","Golden Cocoa Truffles","195","CUST-1100"
"SO-9011","2025-12-26","P102","Enchanted Milk Chocolate","49","CUST-1281"
"SO-9012","2022-01-22","P103","Golden Cocoa Truffles","165","CUST-1165"
"SO-9013","2024-12-15","P102","Enchanted Milk Chocolate","101","CUST-1459"
"SO-9014","2024-06-25","P201","Mystic White Chocolate","89","CUST-1096"
"SO-9015","2024-02-05","P101","Magical Dark Chocolate","197","CUST-1311"
"SO-9016","2022-08-10","P101","Magical Dark Chocolate","172","CUST-1500"
"SO-9017","2024-07-29","P102","Enchanted Milk Chocolate","132","CUST-1161"
"SO-9018","2024-09-09","P101","Magical Dark Chocolate","200","CUST-1357"
"SO-9019","2024-06-29","P103","Golden Cocoa Truffles","46","CUST-1378"
"SO-9020","2022-07-17","P103","Golden Cocoa Truffles","120","CUST-1068"
"SO-9021","2025-08-20","P103","Golden Cocoa Truffles","30","CUST-1115"
"SO-9022","2026-03-09","P103","Golden Cocoa Truffles","58","CUST-1494"
"SO-9023","2024-11-10","P201","Mystic White Chocolate","16","CUST-1379"
"SO-9024","2022-04-14","P102","Enchanted Milk Chocolate","158","CUST-1237"
"SO-9025","2024-08-31","P201","Mystic White Chocolate","70","CUST-1501"
"SO-9026","2023-03-01","P201","Mystic White Chocolate","145","CUST-1156"
"SO-9027","2025-05-03","P103","Golden Cocoa Truffles","60","CUST-1014"
"SO-9028","2023-02-02","P101","Magical Dark Chocolate","112","CUST-1104"
"SO-9029","2023-10-06","P201","Mystic White Chocolate","137","CUST-1303"
"SO-9030","2025-07-31","P201","Mystic White Chocolate","120","CUST-1185"
"SO-9031","2026-02-15","P102","Enchanted Milk Chocolate","100","CUST-1382"
"SO-9032","2022-05-23","P101","Magical Dark Chocolate","11","CUST-1100"
"SO-9033","2022-07-31","P102","Enchanted Milk Chocolate","18","CUST-1450"
"SO-9034","2025-02-08","P103","Golden Cocoa Truffles","154","CUST-1065"
"SO-9035","2023-06-08","P103","Golden Cocoa Truffles","46","CUST-1034"
"SO-9036","2024-04-18","P201","Mystic White Chocolate","182","CUST-1439"
"SO-9037","2023-11-11","P201","Mystic White Chocolate","75","CUST-1419"
"SO-9038","2025-05-18","P201","Mystic White Chocolate","121","CUST-1256"
"SO-9039","2026-03-08","P103","Golden Cocoa Truffles","18","CUST-1224"
"SO-9040","2023-06-12","P201","Mystic White Chocolate","199","CUST-1429"
"SO-9041","2025-04-14","P103","Golden Cocoa Truffles","103","CUST-1326"
"SO-9042","2023-11-21","P103","Golden Cocoa Truffles","91","CUST-1185"
"SO-9043","2025-06-08","P103","Golden Cocoa Truffles","146","CUST-1173"
"SO-9044","2023-06-29","P101","Magical Dark Chocolate","126","CUST-1304"
"SO-9045","2022-12-13","P102","Enchanted Milk Chocolate","107","CUST-1104"
"SO-9046","2023-10-15","P201","Mystic White Chocolate","176","CUST-1416"
"SO-9047","2022-06-12","P102","Enchanted Milk Chocolate","86","CUST-1166"
"SO-9048","2024-02-19","P102","Enchanted Milk Chocolate","20","CUST-1332"
"SO-9049","2022-02-12","P103","Golden Cocoa Truffles","114","CUST-1251"
"SO-9050","2026-06-12","P201","Mystic White Chocolate","30","CUST-1256"
"SO-9051","2022-06-14","P102","Enchanted Milk Chocolate","31","CUST-1141"
"SO-9052","2022-07-05","P101","Magical Dark Chocolate","28","CUST-1453"
"SO-9053","2025-03-05","P101","Magical Dark Chocolate","65","CUST-1265"
"SO-9054","2024-01-17","P103","Golden Cocoa Truffles","40","CUST-1298"
"SO-9055","2023-07-23","P102","Enchanted Milk Chocolate","133","CUST-1324"
"SO-9056","2025-10-24","P102","Enchanted Milk Chocolate","31","CUST-1108"
"SO-9057","2024-04-25","P102","Enchanted Milk Chocolate","150","CUST-1295"
"SO-9058","2025-02-27","P102","Enchanted Milk Chocolate","62","CUST-1286"
"SO-9059","2026-06-07","P103","Golden Cocoa Truffles","91","CUST-1316"
"SO-9060","2023-10-31","P201","Mystic White Chocolate","108","CUST-1011"
"SO-9061","2022-07-17","P201","Mystic White Chocolate","82","CUST-1100"
"SO-9062","2023-01-29","P103","Golden Cocoa Truffles","61","CUST-1105"
"SO-9063","2023-12-18","P102","Enchanted Milk Chocolate","178","CUST-1275"
"SO-9064","2024-02-01","P103","Golden Cocoa Truffles","163","CUST-1140"
"SO-9065","2023-03-05","P103","Golden Cocoa Truffles","104","CUST-1219"
"SO-9066","2024-09-30","P201","Mystic White Chocolate","105","CUST-1433"
"SO-9067","2024-07-10","P101","Magical Dark Chocolate","57","CUST-1025"
"SO-9068","2023-09-11","P102","Enchanted Milk Chocolate","136","CUST-1384"
"SO-9069","2025-04-12","P102","Enchanted Milk Chocolate","64","CUST-1113"
"SO-9070","2023-05-12","P102","Enchanted Milk Chocolate","131","CUST-1090"
"SO-9071","2022-09-28","P103","Golden Cocoa Truffles","103","CUST-1415"
"SO-9072","2024-06-12","P102","Enchanted Milk Chocolate","93","CUST-1497"
"SO-9073","2022-01-13","P103","Golden Cocoa Truffles","200","CUST-1466"
"SO-9074","2024-03-16","P101","Magical Dark Chocolate","195","CUST-1087"
"SO-9075","2024-09-10","P201","Mystic White Chocolate","178","CUST-1205"
"SO-9076","2023-05-30","P103","Golden Cocoa Truffles","170","CUST-1315"
"SO-9077","2026-05-08","P103","Golden Cocoa Truffles","120","CUST-1229"
"SO-9078","2024-03-27","P103","Golden Cocoa Truffles","15","CUST-1379"
"SO-9079","2025-01-29","P201","Mystic White Chocolate","183","CUST-1042"
"SO-9080","2023-07-13","P103","Golden Cocoa Truffles","97","CUST-1429"
"SO-9081","2023-04-07","P201","Mystic White Chocolate","173","CUST-1122"
"SO-9082","2025-05-03","P101","Magical Dark Chocolate","132","CUST-1116"
"SO-9083","2023-10-03","P101","Magical Dark Chocolate","191","CUST-1059"
"SO-9084","2026-05-21","P201","Mystic White Chocolate","170","CUST-1177"
"SO-9085","2026-02-14","P103","Golden Cocoa Truffles","44","CUST-1468"
"SO-9086","2024-01-21","P102","Enchanted Milk Chocolate","33","CUST-1054"
"SO-9087","2025-07-31","P102","Enchanted Milk Chocolate","144","CUST-1231"
"SO-9088","2024-07-16","P201","Mystic White Chocolate","130","CUST-1298"
"SO-9089","2025-05-01","P103","Golden Cocoa Truffles","110","CUST-1207"
"SO-9090","2023-03-22","P101","Magical Dark Chocolate","194","CUST-1195"
"SO-9091","2023-01-08","P103","Golden Cocoa Truffles","127","CUST-1158"
"SO-9092","2022-11-24","P201","Mystic White Chocolate","18","CUST-1137"
"SO-9093","2023-07-09","P102","Enchanted Milk Chocolate","190","CUST-1109"
"SO-9094","2023-09-30","P101","Magical Dark Chocolate","67","CUST-1052"
"SO-9095","2023-03-29","P103","Golden Cocoa Truffles","87","CUST-1188"
"SO-9096","2025-09-24","P101","Magical Dark Chocolate","122","CUST-1097"
"SO-9097","2023-01-02","P201","Mystic White Chocolate","123","CUST-1142"
"SO-9098","2025-06-14","P201","Mystic White Chocolate","43","CUST-1045"
"SO-9099","2023-06-20","P101","Magical Dark Chocolate","42","CUST-1309"
"SO-9100","2022-03-23","P201","Mystic White Chocolate","188","CUST-1350"
"SO-9101","2024-11-20","P102","Enchanted Milk Chocolate","85","CUST-1439"
"SO-9102","2022-09-22","P101","Magical Dark Chocolate","139","CUST-1075"
"SO-9103","2023-03-01","P101","Magical Dark Chocolate","200","CUST-1040"
"SO-9104","2022-04-10","P102","Enchanted Milk Chocolate","38","CUST-1435"
"SO-9105","2023-12-02","P201","Mystic White Chocolate","53","CUST-1406"
"SO-9106","2024-04-26","P103","Golden Cocoa Truffles","152","CUST-1263"
"SO-9107","2025-03-20","P201","Mystic White Chocolate","81","CUST-1039"
"SO-9108","2024-07-23","P103","Golden Cocoa Truffles","97","CUST-1498"
"SO-9109","2022-12-05","P201","Mystic White Chocolate","36","CUST-1273"
"SO-9110","2024-06-21","P101","Magical Dark Chocolate","86","CUST-1425"
"SO-9111","2024-07-08","P102","Enchanted Milk Chocolate","162","CUST-1236"
"SO-9112","2022-03-12","P103","Golden Cocoa Truffles","33","CUST-1176"
"SO-9113","2023-04-22","P101","Magical Dark Chocolate","17","CUST-1065"
"SO-9114","2022-08-09","P101","Magical Dark Chocolate","192","CUST-1018"
"SO-9115","2024-09-14","P201","Mystic White Chocolate","60","CUST-1195"
"SO-9116","2022-01-11","P103","Golden Cocoa Truffles","190","CUST-1442"
"SO-9117","2025-08-03","P201","Mystic White Chocolate","73","CUST-1225"
"SO-9118","2023-04-28","P102","Enchanted Milk Chocolate","161","CUST-1436"
"SO-9119","2022-04-02","P201","Mystic White Chocolate","157","CUST-1013"
"SO-9120","2022-01-09","P201","Mystic White Chocolate","28","CUST-1466"
"SO-9121","2025-07-28","P103","Golden Cocoa Truffles","36","CUST-1121"
"SO-9122","2026-04-25","P102","Enchanted Milk Chocolate","122","CUST-1381"
"SO-9123","2026-03-29","P101","Magical Dark Chocolate","190","CUST-1061"
"SO-9124","2025-12-18","P201","Mystic White Chocolate","79","CUST-1136"
"SO-9125","2023-05-30","P102","Enchanted Milk Chocolate","182","CUST-1397"
"SO-9126","2024-09-10","P102","Enchanted Milk Chocolate","99","CUST-1217"
"SO-9127","2023-03-06","P201","Mystic White Chocolate","59","CUST-1263"
"SO-9128","2026-04-05","P101","Magical Dark Chocolate","100","CUST-1171"
"SO-9129","2024-05-03","P103","Golden Cocoa Truffles","42","CUST-1102"
"SO-9130","2023-11-26","P102","Enchanted Milk Chocolate","167","CUST-1165"
"SO-9131","2023-03-13","P102","Enchanted Milk Chocolate","167","CUST-1198"
"SO-9132","2025-09-02","P102","Enchanted Milk Chocolate","48","CUST-1200"
"SO-9133","2022-05-10","P201","Mystic White Chocolate","34","CUST-1022"
"SO-9134","2025-07-10","P101","Magical Dark Chocolate","41","CUST-1421"
"SO-9135","2022-02-20","P103","Golden Cocoa Truffles","59","CUST-1229"
"SO-9136","2023-06-21","P103","Golden Cocoa Truffles","176","CUST-1281"
"SO-9137","2026-03-02","P101","Magical Dark Chocolate","159","CUST-1165"
"SO-9138","2023-02-13","P103","Golden Cocoa Truffles","119","CUST-1067"
"SO-9139","2022-02-13","P201","Mystic White Chocolate","26","CUST-1098"
"SO-9140","2026-04-04","P201","Mystic White Chocolate","78","CUST-1056"
"SO-9141","2023-04-09","P101","Magical Dark Chocolate","125","CUST-1082"
"SO-9142","2024-07-31","P103","Golden Cocoa Truffles","55","CUST-1432"
"SO-9143","2024-09-28","P201","Mystic White Chocolate","24","CUST-1122"
"SO-9144","2023-02-14","P201","Mystic White Chocolate","155","CUST-1056"
"SO-9145","2023-10-02","P102","Enchanted Milk Chocolate","189","CUST-1185"
"SO-9146","2023-08-25","P101","Magical Dark Chocolate","52","CUST-1187"
"SO-9147","2024-12-22","P101","Magical Dark Chocolate","195","CUST-1207"
"SO-9148","2022-09-27","P201","Mystic White Chocolate","24","CUST-1064"
"SO-9149","2022-05-21","P103","Golden Cocoa Truffles","99","CUST-1220"
"SO-9150","2023-05-24","P103","Golden Cocoa Truffles","102","CUST-1202"
"SO-9151","2024-08-20","P201","Mystic White Chocolate","198","CUST-1036"
"SO-9152","2023-08-26","P201","Mystic White Chocolate","193","CUST-1026"
"SO-9153","2022-02-05","P102","Enchanted Milk Chocolate","40","CUST-1378"
"SO-9154","2023-05-16","P103","Golden Cocoa Truffles","186","CUST-1302"
"SO-9155","2022-10-23","P201","Mystic White Chocolate","118","CUST-1243"
"SO-9156","2022-09-04","P102","Enchanted Milk Chocolate","163","CUST-1029"
"SO-9157","2022-05-25","P101","Magical Dark Chocolate","152","CUST-1396"
"SO-9158","2023-09-09","P101","Magical Dark Chocolate","44","CUST-1345"
"SO-9159","2023-01-11","P102","Enchanted Milk Chocolate","51","CUST-1469"
"SO-9160","2024-11-23","P201","Mystic White Chocolate","135","CUST-1338"
"SO-9161","2022-05-02","P201","Mystic White Chocolate","132","CUST-1293"
"SO-9162","2026-05-24","P102","Enchanted Milk Chocolate","34","CUST-1461"
"SO-9163","2022-04-08","P101","Magical Dark Chocolate","82","CUST-1293"
"SO-9164","2024-10-06","P101","Magical Dark Chocolate","138","CUST-1280"
"SO-9165","2026-04-11","P101","Magical Dark Chocolate","27","CUST-1486"
"SO-9166","2025-11-17","P103","Golden Cocoa Truffles","124","CUST-1500"
"SO-9167","2023-06-30","P103","Golden Cocoa Truffles","81","CUST-1183"
"SO-9168","2025-03-26","P102","Enchanted Milk Chocolate","86","CUST-1110"
"SO-9169","2022-03-09","P201","Mystic White Chocolate","119","CUST-1461"
"SO-9170","2022-03-31","P201","Mystic White Chocolate","164","CUST-1425"
"SO-9171","2024-09-18","P102","Enchanted Milk Chocolate","52","CUST-1417"
"SO-9172","2024-02-06","P103","Golden Cocoa Truffles","115","CUST-1302"
"SO-9173","2023-07-04","P103","Golden Cocoa Truffles","136","CUST-1306"
"SO-9174","2026-01-26","P201","Mystic White Chocolate","180","CUST-1308"
"SO-9175","2026-02-11","P101","Magical Dark Chocolate","38","CUST-1356"
"SO-9176","2026-03-18","P101","Magical Dark Chocolate","138","CUST-1397"
"SO-9177","2026-05-26","P101","Magical Dark Chocolate","116","CUST-1139"
"SO-9178","2023-05-15","P101","Magical Dark Chocolate","199","CUST-1118"
"SO-9179","2022-02-05","P103","Golden Cocoa Truffles","101","CUST-1249"
"SO-9180","2026-05-18","P201","Mystic White Chocolate","11","CUST-1326"
"SO-9181","2023-09-18","P201","Mystic White Chocolate","44","CUST-1266"
"SO-9182","2022-12-04","P201","Mystic White Chocolate","186","CUST-1196"
"SO-9183","2022-12-23","P102","Enchanted Milk Chocolate","111","CUST-1429"
"SO-9184","2022-06-27","P201","Mystic White Chocolate","123","CUST-1362"
"SO-9185","2023-05-09","P103","Golden Cocoa Truffles","13","CUST-1432"
"SO-9186","2025-01-08","P102","Enchanted Milk Chocolate","34","CUST-1070"
"SO-9187","2026-02-25","P201","Mystic White Chocolate","77","CUST-1372"
"SO-9188","2024-04-23","P103","Golden Cocoa Truffles","93","CUST-1232"
"SO-9189","2024-05-08","P102","Enchanted Milk Chocolate","160","CUST-1366"
"SO-9190","2022-12-04","P102","Enchanted Milk Chocolate","70","CUST-1456"
"SO-9191","2023-07-24","P101","Magical Dark Chocolate","108","CUST-1127"
"SO-9192","2022-09-21","P101","Magical Dark Chocolate","10","CUST-1129"
"SO-9193","2023-02-07","P201","Mystic White Chocolate","135","CUST-1257"
"SO-9194","2023-02-02","P103","Golden Cocoa Truffles","54","CUST-1286"
"SO-9195","2025-08-05","P102","Enchanted Milk Chocolate","77","CUST-1090"
"SO-9196","2022-08-24","P201","Mystic White Chocolate","87","CUST-1295"
"SO-9197","2025-12-01","P103","Golden Cocoa Truffles","14","CUST-1426"
"SO-9198","2022-08-30","P101","Magical Dark Chocolate","10","CUST-1501"
"SO-9199","2025-06-03","P102","Enchanted Milk Chocolate","99","CUST-1306"
"SO-9200","2022-02-09","P101","Magical Dark Chocolate","147","CUST-1464"
"SO-9201","2022-03-14","P102","Enchanted Milk Chocolate","81","CUST-1382"
"SO-9202","2022-11-13","P101","Magical Dark Chocolate","194","CUST-1199"
"SO-9203","2025-10-29","P103","Golden Cocoa Truffles","169","CUST-1297"
"SO-9204","2024-08-08","P101","Magical Dark Chocolate","100","CUST-1079"
"SO-9205","2026-01-27","P101","Magical Dark Chocolate","78","CUST-1096"
"SO-9206","2024-11-09","P201","Mystic White Chocolate","136","CUST-1320"
"SO-9207","2024-08-02","P102","Enchanted Milk Chocolate","153","CUST-1098"
"SO-9208","2026-03-07","P101","Magical Dark Chocolate","148","CUST-1198"
"SO-9209","2022-06-25","P201","Mystic White Chocolate","129","CUST-1484"
"SO-9210","2022-11-18","P201","Mystic White Chocolate","151","CUST-1386"
"SO-9211","2023-06-14","P101","Magical Dark Chocolate","39","CUST-1141"
"SO-9212","2022-01-08","P103","Golden Cocoa Truffles","147","CUST-1305"
"SO-9213","2023-07-30","P103","Golden Cocoa Truffles","153","CUST-1301"
"SO-9214","2022-09-27","P201","Mystic White Chocolate","136","CUST-1140"
"SO-9215","2025-08-09","P101","Magical Dark Chocolate","14","CUST-1294"
"SO-9216","2023-01-04","P102","Enchanted Milk Chocolate","76","CUST-1445"
"SO-9217","2023-04-21","P201","Mystic White Chocolate","155","CUST-1344"
"SO-9218","2022-11-15","P101","Magical Dark Chocolate","100","CUST-1270"
"SO-9219","2022-08-18","P102","Enchanted Milk Chocolate","156","CUST-1412"
"SO-9220","2024-03-17","P201","Mystic White Chocolate","108","CUST-1141"
"SO-9221","2023-05-31","P101","Magical Dark Chocolate","22","CUST-1190"
"SO-9222","2025-08-31","P103","Golden Cocoa Truffles","140","CUST-1225"
"SO-9223","2025-01-11","P103","Golden Cocoa Truffles","93","CUST-1454"
"SO-9224","2023-06-08","P201","Mystic White Chocolate","168","CUST-1446"
"SO-9225","2022-07-24","P103","Golden Cocoa Truffles","194","CUST-1288"
"SO-9226","2025-09-28","P101","Magical Dark Chocolate","130","CUST-1270"
"SO-9227","2025-06-02","P101","Magical Dark Chocolate","109","CUST-1117"
"SO-9228","2023-06-21","P201","Mystic White Chocolate","136","CUST-1196"
"SO-9229","2024-04-25","P102","Enchanted Milk Chocolate","152","CUST-1077"
"SO-9230","2024-12-31","P103","Golden Cocoa Truffles","80","CUST-1017"
"SO-9231","2023-05-13","P101","Magical Dark Chocolate","157","CUST-1291"
"SO-9232","2025-04-12","P103","Golden Cocoa Truffles","11","CUST-1125"
"SO-9233","2025-08-20","P101","Magical Dark Chocolate","167","CUST-1302"
"SO-9234","2026-04-11","P201","Mystic White Chocolate","19","CUST-1179"
"SO-9235","2025-11-26","P101","Magical Dark Chocolate","60","CUST-1497"
"SO-9236","2025-08-17","P101","Magical Dark Chocolate","124","CUST-1125"
"SO-9237","2023-07-21","P102","Enchanted Milk Chocolate","71","CUST-1499"
"SO-9238","2025-12-16","P103","Golden Cocoa Truffles","175","CUST-1488"
"SO-9239","2024-06-20","P201","Mystic White Chocolate","182","CUST-1491"
"SO-9240","2025-09-08","P103","Golden Cocoa Truffles","94","CUST-1352"
"SO-9241","2022-02-08","P201","Mystic White Chocolate","70","CUST-1398"
"SO-9242","2022-11-09","P101","Magical Dark Chocolate","96","CUST-1299"
"SO-9243","2022-08-24","P101","Magical Dark Chocolate","159","CUST-1227"
"SO-9244","2022-01-10","P201","Mystic White Chocolate","179","CUST-1007"
"SO-9245","2022-02-14","P102","Enchanted Milk Chocolate","131","CUST-1409"
"SO-9246","2025-11-22","P103","Golden Cocoa Truffles","135","CUST-1137"
"SO-9247","2024-12-20","P201","Mystic White Chocolate","45","CUST-1046"
"SO-9248","2023-10-18","P103","Golden Cocoa Truffles","97","CUST-1212"
"SO-9249","2025-12-03","P102","Enchanted Milk Chocolate","14","CUST-1173"
"SO-9250","2023-06-13","P101","Magical Dark Chocolate","73","CUST-1328"
"SO-9251","2022-02-05","P101","Magical Dark Chocolate","34","CUST-1144"
"SO-9252","2022-12-03","P201","Mystic White Chocolate","178","CUST-1439"
"SO-9253","2024-12-30","P201","Mystic White Chocolate","102","CUST-1102"
"SO-9254","2024-02-28","P201","Mystic White Chocolate","59","CUST-1311"
"SO-9255","2026-01-16","P103","Golden Cocoa Truffles","24","CUST-1164"
"SO-9256","2022-09-10","P103","Golden Cocoa Truffles","115","CUST-1370"
"SO-9257","2025-10-14","P201","Mystic White Chocolate","77","CUST-1072"
"SO-9258","2023-01-07","P103","Golden Cocoa Truffles","120","CUST-1272"
"SO-9259","2025-01-18","P103","Golden Cocoa Truffles","157","CUST-1027"
"SO-9260","2024-12-01","P102","Enchanted Milk Chocolate","87","CUST-1475"
"SO-9261","2022-09-05","P103","Golden Cocoa Truffles","171","CUST-1482"
"SO-9262","2024-07-01","P103","Golden Cocoa Truffles","36","CUST-1174"
"SO-9263","2022-04-02","P102","Enchanted Milk Chocolate","14","CUST-1383"
"SO-9264","2023-11-30","P103","Golden Cocoa Truffles","53","CUST-1412"
"SO-9265","2026-04-01","P101","Magical Dark Chocolate","179","CUST-1389"
"SO-9266","2022-09-11","P102","Enchanted Milk Chocolate","19","CUST-1471"
"SO-9267","2026-01-12","P101","Magical Dark Chocolate","119","CUST-1203"
"SO-9268","2023-11-22","P201","Mystic White Chocolate","81","CUST-1288"
"SO-9269","2022-10-20","P103","Golden Cocoa Truffles","166","CUST-1404"
"SO-9270","2025-09-03","P102","Enchanted Milk Chocolate","180","CUST-1332"
"SO-9271","2025-11-12","P101","Magical Dark Chocolate","180","CUST-1486"
"SO-9272","2024-09-07","P101","Magical Dark Chocolate","179","CUST-1314"
"SO-9273","2026-02-08","P102","Enchanted Milk Chocolate","112","CUST-1262"
"SO-9274","2026-03-15","P103","Golden Cocoa Truffles","145","CUST-1295"
"SO-9275","2023-09-21","P103","Golden Cocoa Truffles","178","CUST-1158"
"SO-9276","2023-04-13","P102","Enchanted Milk Chocolate","15","CUST-1226"
"SO-9277","2024-07-18","P103","Golden Cocoa Truffles","78","CUST-1339"
"SO-9278","2023-10-21","P201","Mystic White Chocolate","178","CUST-1456"
"SO-9279","2025-03-27","P102","Enchanted Milk Chocolate","150","CUST-1423"
"SO-9280","2026-02-23","P102","Enchanted Milk Chocolate","173","CUST-1301"
"SO-9281","2024-04-12","P102","Enchanted Milk Chocolate","59","CUST-1399"
"SO-9282","2023-06-08","P201","Mystic White Chocolate","50","CUST-1168"
"SO-9283","2023-05-02","P101","Magical Dark Chocolate","56","CUST-1125"
"SO-9284","2026-05-29","P102","Enchanted Milk Chocolate","87","CUST-1304"
"SO-9285","2023-04-28","P103","Golden Cocoa Truffles","134","CUST-1401"
"SO-9286","2023-11-29","P101","Magical Dark Chocolate","35","CUST-1042"
"SO-9287","2023-05-20","P102","Enchanted Milk Chocolate","74","CUST-1060"
"SO-9288","2023-01-30","P201","Mystic White Chocolate","24","CUST-1397"
"SO-9289","2023-04-20","P201","Mystic White Chocolate","177","CUST-1167"
"SO-9290","2026-02-16","P103","Golden Cocoa Truffles","20","CUST-1402"
"SO-9291","2024-04-27","P102","Enchanted Milk Chocolate","82","CUST-1018"
"SO-9292","2022-05-16","P101","Magical Dark Chocolate","65","CUST-1404"
"SO-9293","2022-03-30","P101","Magical Dark Chocolate","166","CUST-1356"
"SO-9294","2022-01-13","P201","Mystic White Chocolate","44","CUST-1112"
"SO-9295","2025-08-19","P201","Mystic White Chocolate","60","CUST-1062"
"SO-9296","2024-05-12","P103","Golden Cocoa Truffles","170","CUST-1299"
"SO-9297","2024-05-03","P101","Magical Dark Chocolate","125","CUST-1447"
"SO-9298","2022-09-07","P102","Enchanted Milk Chocolate","161","CUST-1245"
"SO-9299","2023-03-18","P102","Enchanted Milk Chocolate","26","CUST-1330"
"SO-9300","2026-04-06","P201","Mystic White Chocolate","100","CUST-1218"
"SO-9301","2023-06-27","P201","Mystic White Chocolate","89","CUST-1076"
"SO-9302","2022-11-01","P101","Magical Dark Chocolate","10","CUST-1144"
"SO-9303","2024-12-29","P101","Magical Dark Chocolate","93","CUST-1466"
"SO-9304","2025-06-12","P103","Golden Cocoa Truffles","98","CUST-1285"
"SO-9305","2025-03-04","P101","Magical Dark Chocolate","98","CUST-1239"
"SO-9306","2022-10-27","P101","Magical Dark Chocolate","51","CUST-1117"
"SO-9307","2023-06-17","P101","Magical Dark Chocolate","70","CUST-1501"
"SO-9308","2026-05-16","P101","Magical Dark Chocolate","98","CUST-1410"
"SO-9309","2023-02-13","P103","Golden Cocoa Truffles","148","CUST-1051"
"SO-9310","2025-02-13","P101","Magical Dark Chocolate","83","CUST-1250"
"SO-9311","2024-09-15","P201","Mystic White Chocolate","63","CUST-1471"
"SO-9312","2025-10-24","P102","Enchanted Milk Chocolate","84","CUST-1208"
"SO-9313","2022-05-02","P102","Enchanted Milk Chocolate","15","CUST-1274"
"SO-9314","2023-11-18","P103","Golden Cocoa Truffles","71","CUST-1295"
"SO-9315","2024-09-29","P101","Magical Dark Chocolate","195","CUST-1364"
"SO-9316","2022-03-17","P102","Enchanted Milk Chocolate","37","CUST-1149"
"SO-9317","2024-03-29","P201","Mystic White Chocolate","194","CUST-1061"
"SO-9318","2023-04-21","P103","Golden Cocoa Truffles","62","CUST-1183"
"SO-9319","2023-06-27","P103","Golden Cocoa Truffles","33","CUST-1200"
"SO-9320","2025-08-09","P201","Mystic White Chocolate","30","CUST-1043"
"SO-9321","2024-07-21","P102","Enchanted Milk Chocolate","141","CUST-1235"
"SO-9322","2024-07-12","P102","Enchanted Milk Chocolate","70","CUST-1189"
"SO-9323","2022-04-02","P101","Magical Dark Chocolate","53","CUST-1080"
"SO-9324","2023-10-13","P103","Golden Cocoa Truffles","52","CUST-1046"
"SO-9325","2022-08-04","P102","Enchanted Milk Chocolate","199","CUST-1403"
"SO-9326","2024-05-11","P102","Enchanted Milk Chocolate","176","CUST-1458"
"SO-9327","2025-10-16","P101","Magical Dark Chocolate","27","CUST-1428"
"SO-9328","2023-12-07","P103","Golden Cocoa Truffles","62","CUST-1076"
"SO-9329","2024-10-30","P101","Magical Dark Chocolate","184","CUST-1025"
"SO-9330","2023-02-08","P201","Mystic White Chocolate","148","CUST-1501"
"SO-9331","2025-04-02","P102","Enchanted Milk Chocolate","153","CUST-1445"
"SO-9332","2026-05-18","P201","Mystic White Chocolate","145","CUST-1045"
"SO-9333","2024-08-20","P103","Golden Cocoa Truffles","35","CUST-1260"
"SO-9334","2025-10-03","P101","Magical Dark Chocolate","169","CUST-1263"
"SO-9335","2022-12-24","P101","Magical Dark Chocolate","188","CUST-1056"
"SO-9336","2024-08-29","P103","Golden Cocoa Truffles","142","CUST-1009"
"SO-9337","2026-04-09","P201","Mystic White Chocolate","73","CUST-1033"
"SO-9338","2025-10-26","P201","Mystic White Chocolate","28","CUST-1237"
"SO-9339","2024-12-27","P101","Magical Dark Chocolate","142","CUST-1205"
"SO-9340","2026-05-11","P101","Magical Dark Chocolate","58","CUST-1128"
"SO-9341","2024-11-09","P102","Enchanted Milk Chocolate","10","CUST-1096"
"SO-9342","2022-09-18","P101","Magical Dark Chocolate","153","CUST-1003"
"SO-9343","2024-10-25","P103","Golden Cocoa Truffles","68","CUST-1460"
"SO-9344","2022-02-20","P101","Magical Dark Chocolate","151","CUST-1464"
"SO-9345","2024-08-17","P101","Magical Dark Chocolate","102","CUST-1172"
"SO-9346","2026-01-23","P201","Mystic White Chocolate","54","CUST-1483"
"SO-9347","2024-09-23","P103","Golden Cocoa Truffles","111","CUST-1475"
"SO-9348","2023-02-20","P102","Enchanted Milk Chocolate","188","CUST-1353"
"SO-9349","2023-09-01","P201","Mystic White Chocolate","36","CUST-1096"
"SO-9350","2025-09-12","P201","Mystic White Chocolate","49","CUST-1451"
"SO-9351","2025-01-17","P201","Mystic White Chocolate","82","CUST-1323"
"SO-9352","2022-11-28","P201","Mystic White Chocolate","199","CUST-1142"
"SO-9353","2024-03-31","P103","Golden Cocoa Truffles","43","CUST-1485"
"SO-9354","2024-08-11","P101","Magical Dark Chocolate","57","CUST-1175"
"SO-9355","2025-03-05","P103","Golden Cocoa Truffles","181","CUST-1156"
"SO-9356","2022-12-31","P102","Enchanted Milk Chocolate","105","CUST-1037"
"SO-9357","2024-04-18","P101","Magical Dark Chocolate","98","CUST-1441"
"SO-9358","2022-11-03","P102","Enchanted Milk Chocolate","55","CUST-1075"
"SO-9359","2023-04-04","P103","Golden Cocoa Truffles","195","CUST-1102"
"SO-9360","2024-03-21","P101","Magical Dark Chocolate","44","CUST-1320"
"SO-9361","2023-06-12","P103","Golden Cocoa Truffles","128","CUST-1154"
"SO-9362","2024-05-01","P101","Magical Dark Chocolate","10","CUST-1159"
"SO-9363","2023-11-08","P201","Mystic White Chocolate","64","CUST-1121"
"SO-9364","2023-02-03","P103","Golden Cocoa Truffles","183","CUST-1094"
"SO-9365","2026-03-31","P103","Golden Cocoa Truffles","68","CUST-1108"
"SO-9366","2024-12-19","P201","Mystic White Chocolate","59","CUST-1038"
"SO-9367","2024-08-02","P201","Mystic White Chocolate","98","CUST-1412"
"SO-9368","2022-11-25","P201","Mystic White Chocolate","146","CUST-1408"
"SO-9369","2023-05-21","P101","Magical Dark Chocolate","114","CUST-1058"
"SO-9370","2022-09-25","P103","Golden Cocoa Truffles","12","CUST-1278"
"SO-9371","2023-07-16","P102","Enchanted Milk Chocolate","84","CUST-1450"
"SO-9372","2022-06-12","P103","Golden Cocoa Truffles","188","CUST-1065"
"SO-9373","2022-10-09","P103","Golden Cocoa Truffles","145","CUST-1386"
"SO-9374","2024-03-20","P103","Golden Cocoa Truffles","57","CUST-1243"
"SO-9375","2026-01-08","P201","Mystic White Chocolate","162","CUST-1488"
"SO-9376","2024-01-11","P201","Mystic White Chocolate","99","CUST-1488"
"SO-9377","2025-09-24","P201","Mystic White Chocolate","24","CUST-1451"
"SO-9378","2024-03-14","P201","Mystic White Chocolate","173","CUST-1210"
"SO-9379","2024-11-19","P101","Magical Dark Chocolate","58","CUST-1488"
"SO-9380","2025-07-25","P101","Magical Dark Chocolate","91","CUST-1474"
"SO-9381","2023-04-27","P101","Magical Dark Chocolate","120","CUST-1375"
"SO-9382","2024-11-12","P101","Magical Dark Chocolate","37","CUST-1106"
"SO-9383","2022-07-12","P102","Enchanted Milk Chocolate","48","CUST-1109"
"SO-9384","2025-04-30","P101","Magical Dark Chocolate","32","CUST-1084"
"SO-9385","2024-07-23","P103","Golden Cocoa Truffles","189","CUST-1140"
"SO-9386","2024-05-22","P103","Golden Cocoa Truffles","25","CUST-1324"
"SO-9387","2024-08-17","P103","Golden Cocoa Truffles","89","CUST-1261"
"SO-9388","2025-12-05","P103","Golden Cocoa Truffles","128","CUST-1347"
"SO-9389","2025-09-03","P103","Golden Cocoa Truffles","98","CUST-1064"
"SO-9390","2024-04-24","P103","Golden Cocoa Truffles","73","CUST-1082"
"SO-9391","2022-05-27","P201","Mystic White Chocolate","57","CUST-1283"
"SO-9392","2022-10-19","P102","Enchanted Milk Chocolate","41","CUST-1178"
"SO-9393","2023-01-21","P103","Golden Cocoa Truffles","182","CUST-1151"
"SO-9394","2026-03-12","P102","Enchanted Milk Chocolate","191","CUST-1378"
"SO-9395","2022-08-24","P201","Mystic White Chocolate","15","CUST-1177"
"SO-9396","2025-03-23","P101","Magical Dark Chocolate","90","CUST-1359"
"SO-9397","2026-05-13","P201","Mystic White Chocolate","152","CUST-1266"
"SO-9398","2025-11-05","P103","Golden Cocoa Truffles","189","CUST-1331"
"SO-9399","2024-10-01","P102","Enchanted Milk Chocolate","91","CUST-1404"
"SO-9400","2022-03-04","P102","Enchanted Milk Chocolate","66","CUST-1098"
"SO-9401","2024-12-28","P103","Golden Cocoa Truffles","94","CUST-1298"
"SO-9402","2024-08-15","P102","Enchanted Milk Chocolate","26","CUST-1001"
"SO-9403","2023-12-02","P201","Mystic White Chocolate","196","CUST-1202"
"SO-9404","2025-06-07","P201","Mystic White Chocolate","166","CUST-1460"
"SO-9405","2026-01-12","P102","Enchanted Milk Chocolate","93","CUST-1056"
"SO-9406","2024-09-06","P103","Golden Cocoa Truffles","28","CUST-1246"
"SO-9407","2022-11-25","P101","Magical Dark Chocolate","89","CUST-1046"
"SO-9408","2024-09-16","P103","Golden Cocoa Truffles","104","CUST-1161"
"SO-9409","2024-09-07","P102","Enchanted Milk Chocolate","115","CUST-1238"
"SO-9410","2024-11-19","P103","Golden Cocoa Truffles","186","CUST-1056"
"SO-9411","2022-08-06","P102","Enchanted Milk Chocolate","85","CUST-1022"
"SO-9412","2023-07-05","P103","Golden Cocoa Truffles","131","CUST-1158"
"SO-9413","2022-08-26","P201","Mystic White Chocolate","199","CUST-1026"
"SO-9414","2022-05-25","P101","Magical Dark Chocolate","192","CUST-1071"
"SO-9415","2023-09-20","P102","Enchanted Milk Chocolate","193","CUST-1159"
"SO-9416","2025-07-26","P103","Golden Cocoa Truffles","100","CUST-1292"
"SO-9417","2025-08-31","P103","Golden Cocoa Truffles","78","CUST-1246"
"SO-9418","2022-04-02","P201","Mystic White Chocolate","186","CUST-1004"
"SO-9419","2026-01-08","P102","Enchanted Milk Chocolate","156","CUST-1104"
"SO-9420","2022-09-17","P102","Enchanted Milk Chocolate","22","CUST-1405"
"SO-9421","2022-11-02","P201","Mystic White Chocolate","173","CUST-1403"
"SO-9422","2024-09-06","P101","Magical Dark Chocolate","136","CUST-1096"
"SO-9423","2023-04-08","P102","Enchanted Milk Chocolate","111","CUST-1113"
"SO-9424","2026-01-12","P103","Golden Cocoa Truffles","87","CUST-1410"
"SO-9425","2023-11-16","P103","Golden Cocoa Truffles","164","CUST-1171"
"SO-9426","2023-06-05","P101","Magical Dark Chocolate","28","CUST-1476"
"SO-9427","2022-08-21","P101","Magical Dark Chocolate","57","CUST-1283"
"SO-9428","2022-04-15","P201","Mystic White Chocolate","27","CUST-1050"
"SO-9429","2025-06-08","P102","Enchanted Milk Chocolate","41","CUST-1230"
"SO-9430","2024-03-28","P103","Golden Cocoa Truffles","36","CUST-1360"
"SO-9431","2022-11-10","P102","Enchanted Milk Chocolate","179","CUST-1473"
"SO-9432","2022-12-31","P103","Golden Cocoa Truffles","62","CUST-1403"
"SO-9433","2022-04-24","P103","Golden Cocoa Truffles","160","CUST-1230"
"SO-9434","2025-09-26","P103","Golden Cocoa Truffles","46","CUST-1001"
"SO-9435","2026-04-22","P103","Golden Cocoa Truffles","139","CUST-1106"
"SO-9436","2024-03-19","P201","Mystic White Chocolate","93","CUST-1182"
"SO-9437","2026-01-08","P102","Enchanted Milk Chocolate","50","CUST-1196"
"SO-9438","2026-05-28","P201","Mystic White Chocolate","52","CUST-1019"
"SO-9439","2023-10-14","P103","Golden Cocoa Truffles","145","CUST-1418"
"SO-9440","2024-10-26","P103","Golden Cocoa Truffles","98","CUST-1285"
"SO-9441","2022-10-10","P201","Mystic White Chocolate","46","CUST-1139"
"SO-9442","2024-05-24","P101","Magical Dark Chocolate","24","CUST-1144"
"SO-9443","2023-04-29","P101","Magical Dark Chocolate","80","CUST-1286"
"SO-9444","2022-06-01","P101","Magical Dark Chocolate","61","CUST-1419"
"SO-9445","2022-01-31","P102","Enchanted Milk Chocolate","41","CUST-1292"
"SO-9446","2022-08-20","P102","Enchanted Milk Chocolate","157","CUST-1215"
"SO-9447","2024-08-08","P102","Enchanted Milk Chocolate","174","CUST-1148"
"SO-9448","2023-02-23","P102","Enchanted Milk Chocolate","59","CUST-1348"
"SO-9449","2022-11-26","P102","Enchanted Milk Chocolate","23","CUST-1246"
"SO-9450","2023-08-26","P103","Golden Cocoa Truffles","11","CUST-1363"
"SO-9451","2024-10-28","P201","Mystic White Chocolate","11","CUST-1242"
"SO-9452","2023-10-04","P103","Golden Cocoa Truffles","55","CUST-1078"
"SO-9453","2025-10-12","P201","Mystic White Chocolate","138","CUST-1114"
"SO-9454","2022-03-22","P102","Enchanted Milk Chocolate","57","CUST-1360"
"SO-9455","2025-12-25","P102","Enchanted Milk Chocolate","124","CUST-1441"
"SO-9456","2024-12-18","P201","Mystic White Chocolate","167","CUST-1357"
"SO-9457","2022-06-12","P103","Golden Cocoa Truffles","159","CUST-1278"
"SO-9458","2026-03-05","P103","Golden Cocoa Truffles","125","CUST-1244"
"SO-9459","2024-02-10","P101","Magical Dark Chocolate","113","CUST-1377"
"SO-9460","2026-06-15","P201","Mystic White Chocolate","157","CUST-1149"
"SO-9461","2024-06-23","P102","Enchanted Milk Chocolate","122","CUST-1028"
"SO-9462","2024-01-05","P201","Mystic White Chocolate","11","CUST-1086"
"SO-9463","2026-03-17","P103","Golden Cocoa Truffles","47","CUST-1115"
"SO-9464","2024-08-09","P101","Magical Dark Chocolate","172","CUST-1124"
"SO-9465","2025-02-27","P103","Golden Cocoa Truffles","13","CUST-1362"
"SO-9466","2025-12-24","P201","Mystic White Chocolate","118","CUST-1463"
"SO-9467","2024-11-05","P101","Magical Dark Chocolate","121","CUST-1271"
"SO-9468","2023-04-08","P201","Mystic White Chocolate","81","CUST-1430"
"SO-9469","2026-04-24","P101","Magical Dark Chocolate","136","CUST-1076"
"SO-9470","2025-01-20","P102","Enchanted Milk Chocolate","16","CUST-1118"
"SO-9471","2024-02-02","P101","Magical Dark Chocolate","121","CUST-1137"
"SO-9472","2025-03-23","P101","Magical Dark Chocolate","98","CUST-1496"
"SO-9473","2025-02-11","P103","Golden Cocoa Truffles","112","CUST-1322"
"SO-9474","2022-10-30","P103","Golden Cocoa Truffles","83","CUST-1224"
"SO-9475","2026-03-05","P101","Magical Dark Chocolate","66","CUST-1340"
"SO-9476","2024-03-08","P101","Magical Dark Chocolate","61","CUST-1025"
"SO-9477","2025-09-15","P101","Magical Dark Chocolate","117","CUST-1067"
"SO-9478","2022-12-04","P201","Mystic White Chocolate","133","CUST-1200"
"SO-9479","2024-01-30","P103","Golden Cocoa Truffles","186","CUST-1046"
"SO-9480","2022-03-24","P201","Mystic White Chocolate","64","CUST-1024"
"SO-9481","2023-11-14","P102","Enchanted Milk Chocolate","184","CUST-1188"
"SO-9482","2024-05-25","P101","Magical Dark Chocolate","126","CUST-1336"
"SO-9483","2025-11-13","P102","Enchanted Milk Chocolate","199","CUST-1088"
"SO-9484","2022-10-30","P102","Enchanted Milk Chocolate","107","CUST-1080"
"SO-9485","2025-10-31","P102","Enchanted Milk Chocolate","128","CUST-1282"
"SO-9486","2024-05-24","P102","Enchanted Milk Chocolate","165","CUST-1428"
"SO-9487","2024-04-01","P201","Mystic White Chocolate","97","CUST-1367"
"SO-9488","2023-11-03","P103","Golden Cocoa Truffles","99","CUST-1385"
"SO-9489","2026-06-04","P102","Enchanted Milk Chocolate","54","CUST-1176"
"SO-9490","2025-07-17","P103","Golden Cocoa Truffles","31","CUST-1385"
"SO-9491","2022-07-27","P102","Enchanted Milk Chocolate","43","CUST-1397"
"SO-9492","2022-08-08","P103","Golden Cocoa Truffles","37","CUST-1479"
"SO-9493","2024-02-07","P103","Golden Cocoa Truffles","192","CUST-1199"
"SO-9494","2024-01-11","P201","Mystic White Chocolate","141","CUST-1233"
"SO-9495","2025-07-27","P101","Magical Dark Chocolate","85","CUST-1440"
"SO-9496","2024-08-14","P103","Golden Cocoa Truffles","179","CUST-1221"
"SO-9497","2023-01-08","P101","Magical Dark Chocolate","159","CUST-1037"
"SO-9498","2026-05-07","P201","Mystic White Chocolate","21","CUST-1386"
"SO-9499","2022-05-15","P102","Enchanted Milk Chocolate","41","CUST-1071"
"SO-9500","2022-08-21","P101","Magical Dark Chocolate","35","CUST-1280"